navelorange93,PoloChau
GaTechWAN,PoloChau
jpdunn30,PoloChau
ShareefKhalid7,PoloChau
CibiPranavPS,PoloChau
RayLin56961481,PoloChau
SomdutRoy,PoloChau
fang_wenxin,PoloChau
AbuSufyanBD,PoloChau
yezhilin0518,PoloChau
SchadenJake,GaTechWAN
StartGrowthHack,GaTechWAN
sex,GaTechWAN
benlandis,GaTechWAN
ShowMe50org,GaTechWAN
BusinessConfid,GaTechWAN
StartUpMindset,GaTechWAN
Daniel_Kudro,GaTechWAN
DanielHanzelka,GaTechWAN
marshawright,GaTechWAN
stepniak_piotr,jpdunn30
GlennDCohenMD,jpdunn30
savepiginvest,jpdunn30
vchampain,jpdunn30
AmyBarnettGOP,jpdunn30
Bane_Buster,jpdunn30
boryanvbu,jpdunn30
Ash_Al,jpdunn30
imascientistUS,jpdunn30
FabienAmoretti,jpdunn30
FrankWu2316,CibiPranavPS
ajnarayan93,CibiPranavPS
RamanNagulwar,CibiPranavPS
akash_senthil,CibiPranavPS
SuriyaDorairaj,CibiPranavPS
KedarnathBisi,CibiPranavPS
Anmol43767473,CibiPranavPS
SSreekant,CibiPranavPS
alexkurian20,CibiPranavPS
SougatJ,CibiPranavPS
PitchCrunch,RayLin56961481
FreeFootyLaughs,RayLin56961481
FootballTeasers,RayLin56961481
StartupGrind,RayLin56961481
Yasho_J,SomdutRoy
maishadewan,AbuSufyanBD
imdahal,AbuSufyanBD
kbd_nkarim,AbuSufyanBD
mirahmad01,AbuSufyanBD
